WKT,"name","abbrev","ne_id"
"POINT (75.9570722403652 30.8503598561702)","Sahnewal","LUH","1159113785"
"POINT (75.9330597710755 17.625415183635)","Solapur","SSE","1159113803"
"POINT (85.3235970368767 23.3177245989962)","Birsa Munda","IXR","1159113831"
"POINT (48.7471065435931 31.3431585560757)","Ahwaz","AWZ","1159113845"
"POINT (78.2172186546348 26.285487697937)","Gwalior","GWL","1159113863"
"POINT (42.97109630194 14.7552534413725)","Hodeidah Int'l","HOD","1159113883"
"POINT (75.8092915005895 22.727749187571)","Devi Ahilyabai Holkar Int'l","IDR","1159113903"
"POINT (73.8105674924689 19.9660205672806)","Gandhinagar","ISK","1159113917"
"POINT (76.8017261105242 30.6707248949667)","Chandigarh Int'l","IXC","1159113937"
"POINT (75.3958432922005 19.8672969621082)","Aurangabad","IXU","1159113953"
"POINT (72.9878190922305 31.3627435480862)","Faisalabad Int'l","LYP","1159113971"
"POINT (73.3163595376585 54.9576482934059)","Omsk Tsentralny","OMS","1159113991"
"POINT (82.6671524525865 55.0095847136264)","Novosibirsk Tolmachev","OVB","1159114013"
"POINT (35.3018728575279 47.8732635579023)","Zaporozhye Int'l","OZH","1159114037"
"POINT (101.446569298441 0.464600872998505)","Simpang Tiga","PKU","1159114047"
"POINT (145.243980298582 14.1717712971216)","Rota Int'l","ROP","1159114063"
"POINT (73.4084964764375 61.3401672194481)","Surgut","SGC","1159114081"
"POINT (78.7089578747476 10.7603571306554)","Tiruchirappalli","TRZ","1159114099"
"POINT (63.0279333519181 25.988794590011)","Turbat Int'l","TUK","1159114117"
"POINT (66.9487311480949 30.249043186181)","Quetta Int'l","UET","1159114135"
"POINT (60.900708564915 29.4752941956573)","Zahedan Int'l","ZAH","1159114153"
"POINT (112.711418617258 -7.92998002840567)","Abdul Rachman Saleh","MLG","1159114171"
"POINT (83.5504532124038 53.3633850813046)","Barnaul","BAX","1159114187"
"POINT (75.7584828456005 31.4329422397715)","Adampur","VIAX","1159114195"
"POINT (79.452002687657 28.4218087161144)","Bareilly","VIBY","1159114211"
"POINT (73.0320498392002 33.5614146278861)","Dhamial","OPQS","1159114231"
"POINT (127.495916124681 36.7220227766673)","Cheongju Int'l","CJJ","1159114253"
"POINT (126.810839481226 35.1400051390198)","Gwangju","KWJ","1159114271"
"POINT (128.637537699933 35.8999277969087)","Daegu Int'l","TAE","1159114289"
"POINT (129.355731047528 35.5928957527107)","Ulsan","USN","1159114319"
"POINT (105.176060419161 -5.242566777132)","Radin Inten II","WIIT","1159114325"
"POINT (81.7317271462187 25.443522027821)","Allahabad","IXD","1159114341"
"POINT (61.5122589740201 55.2977919496055)","Chelyabinsk","CEK","1159114359"
"POINT (120.209733318093 22.950667918347)","Tainan","TNN","1159114373"
"POINT (120.630703547584 24.2666555567115)","Taichung","RMQ","1159114393"
"POINT (4.43384434962876 51.9491301899382)","Rotterdam The Hague","RTM","1159114411"
"POINT (39.2254496447973 51.8126171268344)","Voronezh-Chertovitskoye","VOZ","1159114431"
"POINT (-2.85862065784938 53.3363751054422)","Liverpool John Lennon","LPL","1159114447"
"POINT (83.2235216387465 17.7279577384364)","Vishakapatnam","VTZ","1159114465"
"POINT (119.545691342151 -5.05893689455779)","Sultan Hasanuddin Int'l","UPG","1159114481"
"POINT (-173.968093944159 -18.5860058550654)","Vava'u Int'l","VAV","1159114497"
"POINT (-1.71034578407216 55.037084860802)","Newcastle Int'l","NCL","1159114519"
"POINT (-86.8514685020011 15.7451596659126)","Goloson Int'l","LCE","1159114531"
"POINT (39.6991359560417 24.5442339605661)","Madinah Int'l","MED","1159114549"
"POINT (-74.0287382984814 45.6832250979267)","Mirabel Int'l","YMX","1159114567"
"POINT (21.0974463986251 55.9713426235358)","Palanga Int'l","PLQ","1159114587"
"POINT (75.8010104192668 26.8211798100605)","Jaipur Int'l","JAI","1159114607"
"POINT (86.1724662363776 22.8154145110242)","Sonari","IXW","1159114623"
"POINT (29.54492 40.2555395007473)","Yenisehir","YEI","1159114643"
"POINT (35.2969614268338 36.9852090641795)","Şakirpaşa","ADA","1159114663"
"POINT (-152.485638515235 57.7485921070483)","Kodiak","ADQ","1159114685"
"POINT (-101.705352772697 35.2184031919398)","Amarillo Int'l","AMA","1159114695"
"POINT (133.902918 -23.801968)","Alice Springs","ASP","1159114713"
"POINT (74.8071559719824 31.7068220258888)","Raja Sansi Int'l","ATQ","1159114737"
"POINT (85.8168899544429 20.2526659754734)","Biju Patnaik","BBI","1159114753"
"POINT (-161.83898695944 60.7787379834088)","Bethel","BET","1159114773"
"POINT (-73.1809207725361 7.12770915402685)","Palonegro","BGA","1159114791"
"POINT (-86.7523773615462 33.5618672828058)","Birmingham Int'l","BHM","1159114807"
"POINT (141.470407303097 -31.998996737463)","Broken Hill","BHQ","1159114825"
"POINT (-108.536929388125 45.8036855715278)","Logan Int'l","BIL","1159114843"
"POINT (-100.757471303717 46.7751066661614)","Bismarck Muni.","BIS","1159114861"
"POINT (-101.478753382467 20.9858871211938)","Del Bajio Int'l","BJX","1159114875"
"POINT (5.603682560067 6.31716689207818)","Benin","BNI","1159114893"
"POINT (27.5164093662953 42.5670835487702)","Bourgas","BOJ","1159114899"
"POINT (8.7858617703132 53.052287104156)","Bremen","BRE","1159114933"
"POINT (-69.356102 10.0453)","Jacinto Lara Int'l","BRM","1159114957"
"POINT (-97.431765340232 25.9062743545347)","Brownsville-South Padre Island Int'l","BRO","1159114971"
"POINT (-2.71086469134308 51.3862934189148)","Bristol Int'l","BRS","1159114989"
"POINT (-91.1567544048105 30.5326138040586)","Baton Rouge Metro","BTR","1159115003"
"POINT (17.1999850022208 48.1698379062535)","Bratislava-M.R. Štefánik","BTS","1159115025"
"POINT (-73.1550787790668 44.4692066040732)","Burlington Int'l","BTV","1159115045"
"POINT (-81.1093352429377 33.9342054584275)","Columbia Metro","CAE","1159115063"
"POINT (75.950993063051 11.1395520526064)","Calicut Int'l","CCJ","1159115083"
"POINT (96.8287472144207 -12.1851585953293)","Cocos (Keeling) Islands","CCK","1159115105"
"POINT (19.9147561641662 39.6067554505259)","Corfu Int'l (Ioannis Kapodistrias)","CFU","1159115125"
"POINT (125.690456812998 43.993011479577)","Changchun Longjia Int'l","CGQ","1159115151"
"POINT (-80.0369337438262 32.8845301562965)","Charleston Int'l","CHS","1159115179"
"POINT (77.038893772262 11.0301415125983)","Coimbatore","CJB","1159115195"
"POINT (23.6869812680486 46.7826626340243)","Someseni","CLJ","1159115215"
"POINT (-77.8451039935167 21.4247037281961)","Ignacio Agramonte","CMW","1159115239"
"POINT (-106.464444809692 42.8971900483006)","Casper/Natrona County Int'l","CPR","1159115255"
"POINT (120.550770223914 15.1876422423888)","Clark Int'l","CRK","1159115281"
"POINT (-81.5964164667526 38.3705914372865)","Yeager","CRW","1159115293"
"POINT (15.0674605007053 37.470072800341)","Catania Fontanarossa","CTA","1159115313"
"POINT (-88.3242600415365 18.506434233376)","Chetumal Int'l","CTM","1159115333"
"POINT (-3.33956876429118 51.3986220911017)","Cardiff","CWL","1159115353"
"POINT (-79.879461638003 19.6898653962844)","Gerrard Smith","CYB","1159115383"
"POINT (-86.9304064070436 20.5115543771647)","Cozumel Int'l","CZM","1159115401"
"POINT (-84.2204594238102 39.8990402865362)","James M. Cox Dayton Int'l","DAY","1159115417"
"POINT (148.569717 -32.218681)","Dubbo","DBO","1159115439"
"POINT (-77.0433373925631 38.8537162012123)","Washington Nat'l","DCA","1159115459"
"POINT (-104.533846024964 24.1261948326182)","Durango Int'l","DGO","1159115479"
"POINT (35.0939060224975 48.3675718021117)","Voloskoye","DNK","1159115501"
"POINT (37.7448085572103 48.0691671285582)","Donetsk","DOK","1159115513"
"POINT (-56.4992636213744 -33.3591084475501)","Santa Bernardina Int'l","DZO","1159115539"
"POINT (-3.36428468513555 55.9485540113639)","Edinburgh Int'l","EDI","1159115559"
"POINT (-64.5371514365794 18.4443618557983)","Terrance B. Lettsome Int'l","EIS","1159115573"
"POINT (-115.786479232249 40.8276058815225)","Elko Reg.","EKO","1159115593"
"POINT (-116.595724400418 31.7977139760569)","Ensenada","ESE","1159115613"
"POINT (-7.2708 62.0625)","Vágar","FAE","1159115633"
"POINT (-96.8254561269675 46.9198178811323)","Hector Int'l","FAR","1159115653"
"POINT (-119.720001323576 36.7698128373959)","Fresno Yosemite Int'l","FAT","1159115671"
"POINT (-111.674656171675 35.1389116757976)","Flagstaff Pulliam","FLG","1159115693"
"POINT (-89.8778404226508 16.9149741642226)","Mundo Maya Int'l","FRS","1159115711"
"POINT (-96.7313831017541 43.5801934972763)","Sioux Falls Reg.","FSD","1159115731"
"POINT (-117.536836628585 47.6254781278368)","Spokane Int'l","GEG","1159115761"
"POINT (-75.872613085304 23.5638829069259)","Exuma Int'l","GGT","1159115775"
"POINT (-5.34677180033388 36.1512747504173)","Gibraltar","GIB","1159115799"
"POINT (-85.529573207274 42.8847776020908)","Gerald R. Ford Int'l","GRR","1159115827"
"POINT (-79.9364867577484 36.1053781998932)","Triad Int'l","GSO","1159115847"
"POINT (-111.35668472784 47.482270729263)","Great Falls Int'l","GTF","1159115875"
"POINT (37.47380325219 36.9453633446875)","Gaziantep Oğuzeli Int'l","GZT","1159115899"
"POINT (75.0863155680281 15.3591833386229)","Hubli","HBX","1159115911"
"POINT (100.393751274671 6.93634231940664)","Hat Yai Int'l","HDY","1159115937"
"POINT (117.304197015888 31.7798576795778)","Hefei-Luogang","HFE","1159115965"
"POINT (33.8071606414118 27.1804260918186)","Hurghada Int'l","HRG","1159115975"
"POINT (36.2822010773503 49.9215360631551)","Kharkov Int'l","HRK","1159115997"
"POINT (-86.7749430563373 34.6483344609319)","Huntsville Int'l","HSV","1159116015"
"POINT (3.9738133433229 7.36034397269393)","Ibadan","IBA","1159116035"
"POINT (-97.4287387683976 37.6529279603903)","Kansas City Int'l","ICT","1159116067"
"POINT (-77.9103756560469 34.2667840671996)","Wilmington Int'l","ILM","1159116087"
"POINT (4.49484038819934 8.43537651935241)","Ilorin Int'l","ILR","1159116105"
"POINT (-93.3980027552794 48.5659930848414)","Falls Int'l","INL","1159116121"
"POINT (-4.06359175587141 57.5395002923424)","Inverness","INV","1159116141"
"POINT (-115.57199556658 32.8339586685524)","Imperial Cty.","IPL","1159116157"
"POINT (74.8423077638915 32.6810428886225)","Jammu","IXJ","1159116179"
"POINT (78.0911394937194 9.83718627877566)","Madurai","IXM","1159116199"
"POINT (73.0505491895671 26.2637623458351)","Jodhpur","JDH","1159116221"
"POINT (80.0587438885277 23.1845328746465)","Jabalpur","JLR","1159116243"
"POINT (37.0651896067748 -3.42444495998178)","Kilimanjaro Int'l","JRO","1159116261"
"POINT (7.32525347407434 10.6946192862391)","Kaduna","KAD","1159116287"
"POINT (22.4783332482689 -5.90016656227041)","Kananga","KGA","1159116305"
"POINT (-1.59257526582361 6.71460638750365)","Kumasi","KMS","1159116323"
"POINT (-71.4806025354969 -32.948391765136)","Viña del Mar","KNA","1159116349"
"POINT (80.4144703692462 26.4041682440251)","Kanpur","KNU","1159116365"
"POINT (-156.040889471058 19.7370991399442)","Kona Int'l at Keahole","KOA","1159116385"
"POINT (-2.90137849524508 58.9544288788303)","Kirkwall","KOI","1159116405"
"POINT (75.8504977944552 25.1634187166743)","Kota","KTU","1159116425"
"POINT (32.5756732669687 37.9839945531695)","Konya","KYA","1159116445"
"POINT (-84.5982681918786 38.0374273181372)","Blue Grass","LEX","1159116465"
"POINT (-159.349084290522 21.9781243162088)","Lihue","LIH","1159116477"
"POINT (-92.2205881319289 34.7284300415179)","Clinton National","LIT","1159116503"
"POINT (-109.082694645261 25.688508826099)","Los Mochis","LMM","1159116513"
"POINT (-101.464960031751 26.9553927160699)","Venustiano Carranza Int'l","LOV","1159116531"
"POINT (-99.4556603976513 27.5436657175825)","Laredo Int'l","LRD","1159116549"
"POINT (-1.28806068838754 59.8766899598999)","Sumburgh","LSI","1159116567"
"POINT (35.9442407096663 35.4073114596744)","Bassel Al-Assad Int'l","LTK","1159116587"
"POINT (-0.376227267397439 51.8802952570969)","London Luton","LTN","1159116605"
"POINT (15.495229 78.246717)","Svalbard Longyear","LYR","1159116623"
"POINT (-77.9183907635752 18.5011549298249)","Sangster Int'l","MBJ","1159116641"
"POINT (95.9706535950217 21.7055490680274)","Mandalay Int'l","MDL","1159116657"
"POINT (-87.7421266885612 41.7883492597409)","Chicago Midway Int'l","MDW","1159116663"
"POINT (-80.6833845995774 -0.949557002112883)","Eloy Alfaro Int'l","MEC","1159116681"
"POINT (-86.3903074602686 32.3045879909631)","Montgomery Reg.","MGM","1159116701"
"POINT (-71.4375239091857 42.9279139945886)","Manchester-Boston Reg.","MHT","1159116733"
"POINT (13.0851390162471 11.8534713188527)","Maiduguri Int'l","DNMA","1159116745"
"POINT (23.5721091989052 -6.12484541348811)","Mbuji Mayi","MJM","1159116757"
"POINT (-101.2913855313 48.2556049212839)","Minot Int'l","MOT","1159116781"
"POINT (-114.083694923651 46.9187604768831)","Missoula Int'l","MSO","1159116793"
"POINT (-115.247874047841 32.6285643324607)","Gen R.S. Taboada Int'l","MXL","1159116811"
"POINT (8.71295953502437 45.6274405140381)","Malpensa","MXP","1159116827"
"POINT (167.943394116205 -29.0351592555275)","Norfolk Island","NLK","1159116847"
"POINT (11.0774179739096 49.4945052170345)","Nurnberg","NUE","1159116865"
"POINT (30.6768308310206 46.4406268759106)","Odessa Int'l","ODS","1159116875"
"POINT (153.512876264303 -28.1665168540202)","Gold Coast","OOL","1159116895"
"POINT (-0.60679696443112 35.6202747312734)","Oran Es Senia","ORN","1159116913"
"POINT (85.0909021314663 25.5944434295605)","Lok Nayak Jaiprakash","PAT","1159116937"
"POINT (-58.0685346825257 -32.3614545292723)","Paysandu","PDU","1159116951"
"POINT (32.4832322064926 34.7134012817335)","Paphos Int'l","PFO","1159116971"
"POINT (104.699128326762 -2.89999345005997)","Sultan Mahmud Badaruddin II","PLM","1159116979"
"POINT (29.4533403645644 -23.858986270166)","Polokwane Int'l","PTG","1159117007"
"POINT (-68.3632351074649 18.563039033987)","Punta Cana","PUJ","1159117025"
"POINT (-100.18735943003 20.622466071278)","Queretaro Int'l","QRO","1159117049"
"POINT (70.7799548311565 22.3092816988361)","Rajkot","RAJ","1159117053"
"POINT (-77.333119638113 37.5082899750901)","Richmond Int'l","RIC","1159117071"
"POINT (88.6138045704431 24.4448068623035)","Shah Makhdum","RJH","1159117089"
"POINT (-77.6652445062197 43.1275519826482)","Greater Rochester Int'l","ROC","1159117107"
"POINT (150.478897 -23.378599)","Rockhampton","ROK","1159117127"
"POINT (39.8035144445391 47.2551119519754)","Rostov-on-Don","ROV","1159117147"
"POINT (46.035023249891 51.5606456508842)","Saratov","RTW","1159117175"
"POINT (-87.9272365125409 15.4558630524883)","Ramón Villeda Morales Int'l","SAP","1159117187"
"POINT (-119.8366015808 34.4257312978783)","Santa Barbara Muni.","SBA","1159117215"
"POINT (-148.457855 70.19751)","Deadhorse","SCC","1159117221"
"POINT (-50.694199 67.018097)","Kangerlussuaq","SFJ","1159117249"
"POINT (-93.3826379012003 37.2421444903024)","Springfield Reg.","SGF","1159117257"
"POINT (-93.8285222229503 32.4545798866513)","Shreveport Reg.","SHV","1159117279"
"POINT (33.9960529244537 45.0202173978165)","Simferopol Int'l","SIP","1159117305"
"POINT (-135.365692 57.05349)","Sitka Rocky Gutierrez","SIT","1159117325"
"POINT (-109.717858386909 23.1626574483597)","Los Cabos Int'l","SJD","1159117339"
"POINT (-123.007871479404 44.9105138452142)","McNary Field","SLE","1159117357"
"POINT (-100.932260548587 25.5479976419974)","Plan de Guadalupe","SLW","1159117385"
"POINT (-8.92242885557686 52.6934537102532)","Shannon","SNN","1159117403"
"POINT (167.220894919375 -15.5055387370858)","Santo Pekoa Int'l","SON","1159117423"
"POINT (110.378556255666 -6.97873484956982)","Achmad Yani","SRG","1159117439"
"POINT (74.7826243672311 33.9830909431623)","Srinagar","SXR","1159117453"
"POINT (-92.370003 14.7911281338773)","Tapachula Int'l","TAP","1159117469"
"POINT (19.2466868618873 42.3679335195428)","Podgorica","TGD","1159117487"
"POINT (-84.3449953984858 30.3955576176938)","Tallahassee Reg.","TLH","1159117513"
"POINT (7.64416230362133 45.1916600734642)","Turin Int'l","TRN","1159117525"
"POINT (112.625891539315 37.7545117791512)","Taiyuan Wusu Int'l","TYN","1159117549"
"POINT (-45.4164008923108 61.1625968337328)","Narsarsuaq","UAK","1159117575"
"POINT (101.00020929048 12.6852930912664)","U-Tapao","UTP","1159117593"
"POINT (25.8467677208826 -18.0990155983682)","Victoria Falls","VFA","1159117607"
"POINT (80.7973080000675 16.528642778235)","Vijaywada","VGA","1159117621"
"POINT (82.8538741913527 25.4499077329822)","Varanasi","VNS","1159117647"
"POINT (-81.4367103850623 23.0395422339631)","Juan Gualberto Gomez","VRA","1159117667"
"POINT (-92.8190675836262 17.9930660113111)","Villahermosa","VSA","1159117675"
"POINT (-99.9458959002463 49.9047279410277)","Brandon","YBR","1159117705"
"POINT (-113.478839054497 53.6749156618668)","CFB Edmonton","YED","1159117725"
"POINT (-68.5367292441812 63.7511523537807)","Iqaluit","YFB","1159117737"
"POINT (-79.9264230959967 43.1633605305096)","John C. Munro Hamilton Int'l","YHM","1159117751"
"POINT (-111.223840046617 56.6563171390962)","Fort McMurray","YMM","1159117769"
"POINT (121.372047417773 37.4077044726924)","Yantai","YNT","1159117787"
"POINT (-117.443663208082 56.231924036745)","Peace River","YPE","1159117801"
"POINT (-64.6886696807361 46.1162059639259)","Greater Moncton Int'l","YQM","1159117815"
"POINT (-60.0469372117026 46.1673405890504)","Sydney/J.A. Douglas McCurdy","YQY","1159117831"
"POINT (-94.9708023244006 74.7181860987594)","Resolute Bay","YRB","1159117851"
"POINT (-111.961059938158 60.0198749602443)","Fort Smith","YSM","1159117869"
"POINT (-97.860733 55.797482)","Thompson","YTH","1159117885"
"POINT (-81.372047 48.566158)","Timmins","YTS","1159117903"
"POINT (-86.25 66.533302)","Repulse Bay","YUT","1159117931"
"POINT (-68.433342 58.101959)","Kuujjuaq","YVP","1159117945"
"POINT (-66.873009 52.926071)","Wabush","YWK","1159117971"
"POINT (-113.522973688581 53.5709436582812)","Edmonton City Centre","YXD","1159117985"
"POINT (-120.736439 56.246035)","Fort St. John (N. Peace)","YXJ","1159118009"
"POINT (-79.42491 46.358711)","North Bay/Jack Garland","YYB","1159118021"
"POINT (7.68726764310577 11.1352958601071)","Zaria","ZAR","1159118043"
"POINT (21.6281971858229 41.9564546081544)","Skopje","SKP","1159118053"
"POINT (86.974546776573 23.6312179107764)","Burnpur","VE23","1159118067"
"POINT (77.3507888779117 28.7077968601071)","Hindon Air Force Station","VIDX","1159118081"
"POINT (125.890825057486 39.4119659710565)","Sunchon","","1159118101"
"POINT (19.4032148744037 51.72720704517)","Łódź Władysław Reymont","EPLL","1159118117"
"POINT (76.8782640096648 43.3554190837919)","Alma Ata N.W.","BXJ","1159118141"
"POINT (130.456204704407 46.8430150223379)","Jiamusi Dongjiao","JMU","1159118157"
"POINT (129.58015153222 44.5342936299935)","Mudanjiang Hailang","MDG","1159118173"
"POINT (33.2903527616285 69.0168711826804)","Severomorsk-3 (Murmansk N.E.)","ULMM","1159118187"
"POINT (43.145802 36.308601)","Mosul Int'l","OSB","1159118205"
"POINT (39.6353996343665 47.2774209202867)","Rostov N.","","1159118221"
"POINT (39.7972215345149 47.1158577255835)","Rostov S.W.","","1159118241"
"POINT (25.3728374704307 64.9287992358849)","Oulu","OUL","1159118267"
"POINT (-0.701793449075243 44.8321108662674)","Bordeaux","BOD","1159118275"
"POINT (6.95431612028937 43.546097987045)","Mandelieu","CEQ","1159118293"
"POINT (0.158653528230218 49.3616609986609)","St Gatien","DOL","1159118319"
"POINT (3.10596499799813 50.5716423929581)","Lille-Lesquin","LIL","1159118335"
"POINT (1.37350918551153 43.6304625661601)","Toulouse-Blagnac","TLS","1159118353"
"POINT (130.444189541884 33.5848164332573)","Fukuoka","FUK","1159118371"
"POINT (132.419372741681 34.3713815628829)","Hiroshima-Nishi","HIW","1159118391"
"POINT (136.91962838414 35.2540532052867)","Nagoya","NKM","1159118405"
"POINT (140.930247381369 38.1382075615287)","Sendai","SDJ","1159118419"
"POINT (29.8913489500406 69.7238318113692)","Kirkenes Hoybuktmoen","KKN","1159118437"
"POINT (-56.1201774754724 -15.6511470191955)","Marechal Rondon Int'l","CGB","1159118463"
"POINT (-48.5448122049599 -27.6646276941638)","Hercilio Luz Int'l","FLN","1159118479"
"POINT (-48.8016498165616 -26.2242941374785)","Joinville-Lauro C. de Loyola","JOI","1159118499"
"POINT (-34.9488925911125 -7.14617462402047)","Presidente Castro Pinto Int'l","JPA","1159118513"
"POINT (-35.2488410165389 -5.89912054477116)","Augusto Severo Int'l","NAT","1159118529"
"POINT (-8.67127240719647 41.2368708920452)","Francisco Sa Carneiro","OPO","1159118545"
"POINT (-44.2362344700492 -2.58350921043018)","Marechal Cunha Machado Int'l","SLZ","1159118563"
"POINT (-46.3052704931003 -23.9237590410637)","Santos Air Force Base","SSZ","1159118581"
"POINT (-42.8212402317845 -5.06346299167191)","Teresina-Senador Petronio Portella","THE","1159118599"
"POINT (-47.1410791911014 -23.0096239085339)","Viracopos-Campinas Int'l","VCP","1159118605"
"POINT (-40.2885368759913 -20.2574162759418)","Eurico de Aguiar Salles","VIX","1159118619"
"POINT (-0.557230440363588 38.2866408993929)","Alicante","ALC","1159118637"
"POINT (-2.3716014405912 36.8477672709643)","Almeria","LEI","1159118657"
"POINT (-0.473474930771676 39.4914597884489)","Valencia","VLC","1159118675"
"POINT (20.3351522954898 67.8256066056432)","Kiruna_Airport","KRN","1159118693"
"POINT (16.2339407695814 58.5833805017541)","Norrköping Airport","NRK","1159118709"
"POINT (107.575611852209 -6.90042408353409)","Husein Sastranegara Int'l","BDO","1159118727"
"POINT (-60.7800787216586 -32.9162269743812)","Rosario – Islas Malvinas Int'l","ROS","1159118745"
"POINT (-35.7924951215833 -9.51494118540116)","Maceio/Zumbi dos Palmares Int'l","MCZ","1159118763"
"POINT (34.3901189267288 27.9804044199168)","Sharm el-Sheikh Int'l","SSH","1159118779"
"POINT (34.7758378996779 29.5944990568019)","Taba Int'l","TCP","1159118797"
"POINT (77.960909176509 27.15772773475)","Agra","AGR","1159118821"
"POINT (73.2262889533239 22.3361640021171)","Vadodara","BDQ","1159118843"
"POINT (47.1565835165639 34.3464167739108)","Shahid Ashrafi Esfahani","KSH","1159118869"
"POINT (20.2680398018516 32.0872774606553)","Benina Int'l","BEN","1159118875"
"POINT (50.1477245727844 26.2703680854768)","King Abdulaziz AB","DHA","1159118895"
"POINT (-57.9840821176492 -31.4373883387798)","Nueva Hespérides Int'l","STY","1159118917"
"POINT (63.307354423875 45.9635739403124)","Baikonur Cosmodrome","BAIK","1159118931"
"POINT (-80.6369680911892 28.5163704772027)","Kennedy Space Center","KSC","1159118961"
"POINT (-52.7684296893452 5.23941001258035)","Centre Spatial Guyanais","CSG","1159118977"
"POINT (-70.0076228563496 12.5034643630297)","Queen Beatrix Int'l","AUA","1159118987"
"POINT (43.1497127859956 11.5521018230172)","Djibouti-Ambouli Int'l","JIB","1159119005"
"POINT (-70.178635395533 -20.5478400878309)","Diego Aracena Int'l","IQQ","1159119023"
"POINT (29.3095991423889 40.9043003553957)","Sabiha Gökçen Havaalani","SAW","1159119041"
"POINT (162.957041225076 5.3520098571828)","Kosrae Island","KSA","1159119061"
"POINT (179.19544202302 -8.52485415059424)","Funafuti Int'l","FUN","1159119077"
"POINT (79.0537976421986 21.0899317630087)","Dr. Babasaheb Ambedkar Int'l","NAG","1159119091"
"POINT (98.3060384900559 8.10768475952735)","Phuket Int'l","HKT","1159119115"
"POINT (177.451151198059 -17.7529129479792)","Nadi Int'l","NAN","1159119125"
"POINT (-102.314093740058 21.7013390329207)","Lic. Jesús Terán Peredo Int'l","AGU","1159119145"
"POINT (8.12314535436409 44.0458773598158)","Albenga","ALL","1159119157"
"POINT (35.989707162193 31.7226621600432)","Queen Alia Int'l","AMM","1159119169"
"POINT (-70.3357301410959 -18.3492061639579)","Chacalluta Int'l","ARI","1159119187"
"POINT (-13.0511704323315 20.4982706101565)","Atar Int'l","ATR","1159119205"
"POINT (-74.776555978265 10.8866775959414)","Ernesto Cortissoz Int'l","BAQ","1159119223"
"POINT (-71.1614300869763 -41.1459976958105)","Teniente Luis Candelaria Int'l","BRC","1159119237"
"POINT (-5.06894222275311 7.73610495555032)","Bouaké","BYK","1159119257"
"POINT (-88.3082064033075 17.5360686575521)","Philip S. W. Goldson Int'l","BZE","1159119267"
"POINT (-97.5022678710298 27.7744560700823)","Corpus Christi Int'l","CRP","1159119285"
"POINT (-68.9568788072761 12.1848346052019)","Hato Int'l","CUR","1159119303"
"POINT (-71.9436641449722 -13.5382186992639)","Velazco Astete Int'l","CUZ","1159119321"
"POINT (39.2074715039165 -6.86672004249119)","Julius Nyerere Int'l","DAR","1159119341"
"POINT (-83.0039681417733 42.4090938431907)","Detroit City","DET","1159119359"
"POINT (125.524854209182 -8.54931157414564)","Presidente Nicolau Lobato Int'l","DIL","1159119377"
"POINT (37.9002531289452 55.4141528223023)","Moscow Domodedovo Int'l","DME","1159119395"
"POINT (170.200027 -45.923431)","Dunedin Int'l","DUD","1159119413"
"POINT (45.2817864197899 -12.8049474381643)","Dzaoudzi Pamanzi Int'l","DZA","1159119431"
"POINT (-106.395714679366 31.7990860272589)","El Paso Int'l","ELP","1159119449"
"POINT (44.4000630536938 40.1523679451884)","Zvartnots Int'l","EVN","1159119467"
"POINT (-97.3551348561587 32.8207529047972)","Fort Worth Meacham Field","FTW","1159119485"
"POINT (-71.1461337448876 21.4421237439063)","JAGS McCartney Int'l","GDT","1159119503"
"POINT (-94.8554013876264 29.2671239212096)","Scholes Int'l","GLS","1159119521"
"POINT (29.2400534952228 -1.65831795002069)","Goma Int'l","GOM","1159119539"
"POINT (13.3724309377878 9.33068867678854)","Garoua Int'l","GOU","1159119557"
"POINT (144.805850357093 13.4926462359465)","Antonio B. Won Pat Int'l","GUM","1159119575"
"POINT (-87.4083596247406 41.6177930015166)","Gary/Chicago Int'l","GYY","1159119593"
"POINT (43.2745612179616 -11.5366393829127)","Prince Said Ibrahim Int'l","HAH","1159119611"
"POINT (147.505996190408 -42.8376083694822)","Hobart Int'l","HBA","1159119629"
"POINT (160.045855129925 -9.42757566400146)","Honiara Int'l","HIR","1159119647"
"POINT (30.4451305182104 50.412808165985)","Kiev Zhuliany Int'l","IEV","1159119661"
"POINT (104.355859748002 52.2728893882244)","Irkutsk S.E.","IKT","1159119677"
"POINT (-86.2734003650885 39.7302043703969)","Indianapolis Int'l","IND","1159119691"
"POINT (166.91613965882 -0.545037226856384)","Nauru Int'l","INU","1159119715"
"POINT (-109.43006441001 -27.1587738388538)","Mataveri Int'l","IPC","1159119731"
"POINT (-65.0937665458812 -24.3861010775846)","Gob. Horacio Guzman Int'l","JUJ","1159119751"
"POINT (115.911979918602 28.8624891200666)","Nanchang Changbei Int'l","KHN","1159119767"
"POINT (102.928522759265 25.1012055318456)","Kunming Changshui Int'l","KMG","1159119791"
"POINT (-1.65983106734746 53.8690819474434)","Leeds Bradford","LBA","1159119807"
"POINT (9.41022337820712 0.457139229503759)","Libreville Leon M'ba Int'l","LBV","1159119827"
"POINT (1.25093205640014 6.16687362722297)","Lomé Tokoin","LFW","1159119841"
"POINT (23.9461269598944 49.8178506050005)","Lviv Danylo Halytskyi Int'l","LWO","1159119861"
"POINT (171.281919370648 7.06811848557091)","Marshall Islands Int'l","MAJ","1159119881"
"POINT (113.57451294862 22.1576572529634)","Macau Int'l","MFM","1159119897"
"POINT (45.3036374186202 2.01635311214988)","Aden Adde Int'l","MGQ","1159119917"
"POINT (32.5741915194782 -25.924276711787)","Maputo Int'l","MPM","1159119939"
"POINT (57.6769860076636 -20.4317567793216)","Sir Seewoosagur Ramgoolam Int'l","MRU","1159119951"
"POINT (14.2828444340203 40.8780728843639)","Naples Int'l","NAP","1159119971"
"POINT (-17.0334398691538 20.9290523064387)","Nouadhibou Int'l","NDB","1159119989"
"POINT (121.461819388484 29.8208231906861)","Ningbo Lishe Int'l","NGB","1159120005"
"POINT (-15.9519259252201 18.0979231718174)","Nouakchott Int'l","NKC","1159120023"
"POINT (166.217232118699 -22.0136386248981)","La Tontouta Int'l","NOU","1159120041"
"POINT (-122.213261257863 37.7123036951691)","Oakland Int'l","OAK","1159120059"
"POINT (-117.592327651651 34.060191102066)","Ontario Int'l","ONT","1159120085"
"POINT (-8.49014199983817 51.8485405419923)","Cork","ORK","1159120103"
"POINT (100.285455851791 -0.786045714026273)","Minangkabau Int'l","PDG","1159120113"
"POINT (-25.6969882198711 37.7433316472933)","João Paulo II","PDL","1159120131"
"POINT (71.5188149912667 33.9914027889596)","Bacha Khan Int'l","PEW","1159120157"
"POINT (-4.61097163901068 55.5088918105142)","Glasgow Prestwick","PIK","1159120173"
"POINT (-55.7060793748573 -22.551786560876)","Ponta Porã Int'l","PMG","1159120193"
"POINT (175.62128328196 -40.3233178852055)","Palmerston N. Int'l","PMR","1159120211"
"POINT (158.203304490964 6.98130676512123)","Pohnpei Int'l","PNI","1159120225"
"POINT (-149.609757932429 -17.5594577659942)","Tahiti Faa'a Int'l","PPT","1159120243"
"POINT (10.4001343718056 43.6983224157664)","Pisa Galileo Galilei Int'l","PSA","1159120263"
"POINT (37.216065757542 19.5760636531968)","Port Sudan","PZU","1159120283"
"POINT (-23.4862019883587 14.9449889352832)","Praia Int'l","RAI","1159120301"
"POINT (-8.02460535907989 31.6022946597764)","Marrakech-Menara","RAK","1159120327"
"POINT (-159.798156308387 -21.2009821724632)","Rarotonga Int'l","RAR","1159120337"
"POINT (103.815780528112 13.4087969693538)","Siem Reap Int'l","REP","1159120355"
"POINT (-67.7530268462675 -53.7814746058316)","Hermes Quijada Int'l","RGA","1159120379"
"POINT (-69.3064711776731 -51.6116980855402)","Piloto Civil Norberto Fernandez Int'l","RGL","1159120391"
"POINT (-119.775283308105 39.5058499014703)","Reno-Tahoe Int'l","RNO","1159120419"
"POINT (134.532953466159 7.3644955361292)","Roman Tmetuchl Int'l","ROR","1159120439"
"POINT (-22.9440574079648 16.7347932693385)","Amilcar Cabral Int'l","SID","1159120457"
"POINT (18.3366185457127 43.8258872246797)","Sarajevo","SJJ","1159120469"
"POINT (-62.7142125047316 17.311125840442)","Robert L. Bradshaw Int'l","SKB","1159120495"
"POINT (-65.4784760437796 -24.8443742713315)","Martín Miguel de Güemes Int","SLA","1159120509"
"POINT (145.723694658638 15.1215167197664)","Saipan Int'l","SPN","1159120529"
"POINT (-65.2928631387847 -19.0139157924657)","Juana Azurduy de Padilla Int'l","SRE","1159120549"
"POINT (-63.1122760858602 18.042244021474)","Princess Juliana Int'l","SXM","1159120567"
"POINT (44.134782731062 13.6854970025574)","Ta'izz Int'l","TAI","1159120583"
"POINT (120.380685949061 36.2677578081039)","Qingdao Liuting Int'l","TAO","1159120599"
"POINT (151.842046037403 7.45761780288443)","Chuuk Int'l","TKK","1159120619"
"POINT (-5.91288087655914 35.7257656409274)","Tangier Ibn Battouta","TNG","1159120637"
"POINT (173.145990795301 1.3806686975383)","Bonriki Int'l","TRW","1159120657"
"POINT (71.4609441399936 51.0269352907712)","Astana Int'l","TSE","1159120673"
"POINT (117.352723159919 39.1294609909008)","Tianjin Binhai Int'l","TSN","1159120679"
"POINT (146.77067890477 -19.2561814376212)","Townsville","TSV","1159120709"
"POINT (-65.1081246236248 -26.8357310050714)","Teniente Gen. Benjamin Matienzo Int'l","TUC","1159120721"
"POINT (10.2176992447111 36.8474482177219)","Aeroport Tunis","TUN","1159120741"
"POINT (-110.937713232132 32.1203523441898)","Tucson Int'l","TUS","1159120761"
"POINT (106.762873994929 47.8525260966684)","Chinggis Khaan Int'l","ULN","1159120783"
"POINT (87.4671298487808 43.8983382193653)","Ürümqi Diwopu Int'l","URC","1159120799"
"POINT (168.319622739662 -17.7016990681781)","Bauerfield Int'l","VLI","1159120811"
"POINT (143.669102299698 -3.58022689444744)","Wewak Int'l","WWK","1159120821"
"POINT (4.19111982574289 48.7803946138566)","Châlons Vatry","XCR","1159120839"
"POINT (118.12696884672 24.537192570557)","Xiamen Gaoqi Int'l","XMN","1159120855"
"POINT (138.086430283619 9.49791733361348)","Yap Int'l","YAP","1159120871"
"POINT (-104.560095200097 19.1480860285854)","Playa de Oro Int'l","ZLO","1159120891"
"POINT (-52.3638068572357 4.82126714308924)","Cayenne – Rochambeau","CAY","1159120909"
"POINT (104.197359284494 52.3616476700131)","Irkutsk N.W.","UIII","1159120927"
"POINT (114.692266598902 38.278140913112)","Shijiazhuang Zhengding Int'l","SJW","1159120939"
"POINT (50.0498394867405 40.462746883908)","Heydar Aliyev Int'l","GYD","1159120951"
"POINT (33.322201334899 35.1063448067362)","Lakatamia Airbase","LAK","1159120967"
"POINT (-42.0792517520184 -22.9256317091328)","Cabo Frio Int'l","CFB","1159120985"
"POINT (25.0455353698315 60.2493778499587)","Helsinki-Malmi","HEM","1159120997"
"POINT (6.21642121728731 49.6343040925102)","Luxembourg-Findel","LUX","1159121013"
"POINT (12.3410673004369 45.5048477588455)","Venice Marco Polo","VCE","1159121029"
"POINT (128.66298866884 38.0587824162585)","Yangyang Int'l","YNY","1159121051"
"POINT (-69.939473933909 -4.25032469493379)","Tabatinga Int'l","TBT","1159121067"
"POINT (-60.6922206338682 2.84119534121157)","Boa Vista Int'l","BVB","1159121075"
"POINT (-15.3899245158461 27.9368899716574)","Gran Canaria","LPA","1159121091"
"POINT (-72.0538569101296 -50.2839008690038)","Com. Armando Tola Int'l","ING","1159121107"
"POINT (16.9216055584254 58.7851041303448)","Stockholm-Skavsta","NYO","1159121125"
"POINT (98.6761925714641 3.56659179990894)","Polonia Int'l","MES","1159121143"
"POINT (18.524123630208 4.39885153695957)","Bangui M'Poko Int'l","BGF","1159121159"
"POINT (120.432097376313 30.2351862790414)","Hangzhou Xiaoshan Int'l","HGH","1159121183"
"POINT (-157.34977789343 1.98616119792402)","Cassidy Int'l","CXI","1159121195"
"POINT (23.3831885738691 55.90376945404)","Šiauliai Int'l","SQQ","1159121207"
"POINT (-169.926129774217 -19.0767129354511)","Niue Int'l","IUE","1159121227"
"POINT (-54.8393995296062 -25.4568570715812)","Guaraní Int'l","AGT","1159121237"
"POINT (-71.5679335385285 -16.344552065352)","Rodríguez Ballón Int'l","AQP","1159121253"
"POINT (132.139841720715 43.3776492533885)","Vladivostok Int'l","VVO","1159121269"
"POINT (21.0302690124746 42.5850331153448)","Pristina","PRN","1159121283"
"POINT (4.45092277399909 51.1891285063806)","Deurne","ANR","1159121297"
"POINT (-110.367197859809 24.0760903521803)","Gen. Márquez de León Int'l","LAP","1159121317"
"POINT (126.236983030863 45.6206011723245)","Harbin Taiping","HRB","1159121329"
"POINT (76.9189025612913 8.47650993894514)","Trivandrum Int'l","TRV","1159121343"
"POINT (27.1492975952664 38.2912347645175)","Adnan Menderes","ADB","1159121355"
"POINT (118.866102146906 31.7353249296177)","Nanjing Lukou Int'l","NKG","1159121375"
"POINT (-78.7039343114497 26.548246747189)","Freeport Int'l","FPO","1159121395"
"POINT (13.1442589810713 32.6691695504993)","Tripoli Int'l","TIP","1159121401"
"POINT (-54.5755719093578 48.9465980060736)","Gander Int'l","YQX","1159121427"
"POINT (51.5585487876547 25.2682461310506)","Doha Int'l","DOH","1159121441"
"POINT (-106.6166851616 35.0491578018276)","Albuquerque Int'l","ABQ","1159121449"
"POINT (-61.7923676698358 17.1403599371617)","V.C. Bird Int'l","ANU","1159121465"
"POINT (-171.99732221834 -13.8325013323956)","Faleolo","APW","1159121481"
"POINT (31.0162490438011 27.0508158406978)","Asyut","ATZ","1159121497"
"POINT (50.6260028757534 26.2696971499497)","Bahrain Int'l","BAH","1159121515"
"POINT (-72.685394743339 41.9303160058352)","Bradley Int'l","BDL","1159121531"
"POINT (-59.4874188953158 13.079661104553)","Grantley Adams Int'l","BGI","1159121545"
"POINT (-16.6523132698075 13.3438604788942)","Yundum Int'l","BJL","1159121561"
"POINT (29.3209840169939 -3.32204434913113)","Bujumbura Int'l","BJM","1159121577"
"POINT (34.9719441837933 -15.6813844793272)","Chileka Int'l","BLZ","1159121581"
"POINT (122.233850515022 -17.952576129268)","Broome Int'l","BME","1159121597"
"POINT (56.368886456411 27.2103258455145)","Bandar Abbass Int'l","BND","1159121625"
"POINT (47.6683766633518 30.552799016106)","Basrah Int'l","BSR","1159121643"
"POINT (-106.435846631055 31.6357566201951)","Ciudad Juarez Int'l","CJS","1159121657"
"POINT (79.8852573421506 7.17807710544221)","Katunayake Int'l","CMB","1159121665"
"POINT (145.7535848444 -16.8767421554062)","Cairns Int'l","CNS","1159121685"
"POINT (98.9681181241593 18.7688473919675)","Chiang Mai Int'l","CNX","1159121695"
"POINT (-104.700880274111 38.7974248779125)","City of Colorado Springs","COS","1159121711"
"POINT (-90.5036283734038 19.8142247992074)","Ign. Alberto Ongay Int'l","CPE","1159121725"
"POINT (113.214054203252 28.1899218619451)","Changsha Huanghua Int'l","CSX","1159121747"
"POINT (-84.6561699153392 39.055418904783)","Greater Cincinnati Int'l","CVG","1159121765"
"POINT (108.202706257936 16.053144145167)","Da Nang","DAD","1159121783"
"POINT (-96.84986377098 32.8444253732738)","Dallas Love Field","DAL","1159121793"
"POINT (36.5128954718126 33.4114366702732)","Damascus Int'l","DAM","1159121825"
"POINT (-82.4317583369387 8.39126106116917)","Enrique Malek Int'l","DAV","1159121841"
"POINT (41.857756722253 9.61267784753569)","Aba Tenna D. Yilma Int'l","DIR","1159121857"
"POINT (115.162322961107 -8.74475731595652)","Bali Int'l","DPS","1159121877"
"POINT (-93.6484612563736 41.5327904242113)","Des Moines Int'l","DSM","1159121895"
"POINT (32.4427573135214 0.044940949388672)","Entebbe Int'l","EBB","1159121903"
"POINT (25.3302714896212 0.492225136917501)","Kisangani Bangoka Int'l","FKI","1159121921"
"POINT (119.668043820999 25.9318233148143)","Fuzhou Changle Int'l","FOC","1159121937"
"POINT (91.588229058187 26.1052475924255)","Lokpriya G. Bordoloi Int'l","GAU","1159121953"
"POINT (18.4684422165911 54.3807025352925)","Gdansk Lech Walesa","GDN","1159121969"
"POINT (-61.7858529909285 12.0072683054283)","Point Salines Int'l","GND","1159121987"
"POINT (43.7896337062935 56.2185525910656)","Nizhny Novgorod Int'l","GOJ","1159122005"
"POINT (-110.921651270402 27.9694553962829)","Gen. José M. Yáñez Int'l","GYM","1159122023"
"POINT (111.814681821626 40.8540600906552)","Hohhot Baita Int'l","HET","1159122037"
"POINT (-111.989896896008 46.6102043529)","Helena Reg.","HLN","1159122049"
"POINT (-111.051901711819 29.0900772523445)","Gen. Ignacio P. Garcia Int'l","HMO","1159122065"
"POINT (-77.4477925769206 38.952774037953)","Dulles Int'l","IAD","1159122081"
"POINT (-155.039629733435 19.7147976868663)","Hilo Int'l","ITO","1159122097"
"POINT (-90.0750986276924 32.3100600273635)","Jackson Int'l","JAN","1159122113"
"POINT (-81.6835767278311 30.491352730948)","Jacksonville Int'l","JAX","1159122129"
"POINT (110.341837054315 1.4872079377901)","Kuching Int'l","KCH","1159122145"
"POINT (30.1348768187856 -1.96365443664138)","Kigali Int'l","KGL","1159122161"
"POINT (19.8009772844504 50.0722630648331)","Kraków-Balice","KRK","1159122175"
"POINT (50.1472655210191 53.5083848190935)","Kurumoch","KUF","1159122191"
"POINT (110.04689349777 25.2176055252293)","Guilin Liangjiang Int'l","KWL","1159122207"
"POINT (120.533876196127 18.1824180866379)","Laoag Int'l","LAO","1159122223"
"POINT (-73.8719858204814 40.7745539398858)","LaGuardia","LGA","1159122233"
"POINT (-0.162961639139456 51.1557567519275)","London Gatwick","LGW","1159122245"
"POINT (14.4548126283266 46.2305445554486)","Ljubljana","LJU","1159122261"
"POINT (80.8841719732472 26.7639328700916)","Amausi Int'l","LKO","1159122291"
"POINT (-57.895382063651 -34.9655441559234)","La Plata","LPG","1159122295"
"POINT (-97.5308217121187 25.7708412640619)","Gen. Sevando Canales","MAM","1159122307"
"POINT (-2.27337159069427 53.3624896066518)","Manchester Int'l","MAN","1159122331"
"POINT (-94.7159148579154 39.2978958263659)","Kansas City Int'l","MCI","1159122347"
"POINT (58.2904804753493 23.5885704175856)","Seeb Int'l","MCT","1159122367"
"POINT (10.753368185054 35.760710442178)","Habib Bourguiba Int'l","MIR","1159122379"
"POINT (5.22137917720337 43.4410600016468)","Marseille Provence Airport","MRS","1159122391"
"POINT (-99.5680081930063 27.4496896508316)","Quetzalcoatl Int'l","NLD","1159122413"
"POINT (108.168012273331 22.6120370541785)","Nanning Wuwu Int'l","NNG","1159122427"
"POINT (-96.7217959384975 17.0005592569745)","Xoxocotlán Int'l","OAX","1159122443"
"POINT (-156.437429581353 20.8932885151112)","Kahului","OGG","1159122457"
"POINT (-97.5961177542092 35.3952774911744)","Will Rogers","OKC","1159122523"
"POINT (-76.2044231712327 36.8982394673674)","Norfolk Int'l","ORF","1159122535"
"POINT (-80.0901893383387 26.688441666433)","Palm Beach Int'l","PBI","1159122547"
"POINT (-55.1999113892902 5.45599967797439)","Pengel Int'l","PBM","1159122565"
"POINT (56.0195602820297 57.9197711231691)","Bolshesavino","PEE","1159122579"
"POINT (100.265786380955 5.29265627790489)","Penang Int'l","PEN","1159122593"
"POINT (6.94989742723191 5.00700347673943)","Port Harcourt Int'l","PHC","1159122607"
"POINT (118.631797815615 -20.3781272960723)","Port Hedland Int'l","PHE","1159122623"
"POINT (-100.292641981705 44.3801534668762)","Pierre Regional","PIR","1159122639"
"POINT (-80.2561290571918 40.4960518915285)","Greater Pittsburgh Int'l","PIT","1159122655"
"POINT (-170.713307053734 -14.3290641850306)","Pago Pago Int'l","PPG","1159122671"
"POINT (-1.73373170434452 52.4529085542838)","Birmingham Int'l","BHX","1159122687"
"POINT (-10.3530851867934 6.24183456554525)","Roberts Int'l","ROB","1159122703"
"POINT (81.7403775915201 21.1859868561447)","Raipur","RPR","1159122719"
"POINT (-89.0572035692743 13.4447481228616)","El Salvador Int'l","SAL","1159122733"
"POINT (-117.197511025731 32.7322645570132)","San Diego Int'l","SAN","1159122749"
"POINT (-98.4719699991559 29.5266203391315)","San Antonio Int'l","SAT","1159122765"
"POINT (-81.2099647750913 32.1356415522902)","Savannah Int'l","SAV","1159122799"
"POINT (-75.8398877639791 19.9724288717622)","Antonio Maceo","SCU","1159122811"
"POINT (-100.936477816267 22.2557130495903)","Ponciano Arriaga Int'l","SLP","1159122827"
"POINT (-121.587894877723 38.6927238925554)","Sacramento Int'l","SMF","1159122841"
"POINT (-70.6941783224468 19.4659219152888)","Cibao Int'l","STI","1159122849"
"POINT (60.8058033432174 56.732245612046)","Koltsovo","SVX","1159122855"
"POINT (-76.1130789991049 43.1317844943741)","Syracuse Hancock Int'l","SYR","1159122871"
"POINT (46.244713373574 38.1311107688175)","Tabriz","TBZ","1159122885"
"POINT (-103.398787828579 25.5632164399896)","Torreon Int'l","TRC","1159122893"
"POINT (-95.889882271542 36.190127565195)","Tulsa Int'l","TUL","1159122919"
"POINT (-83.9899378327585 35.8057448027088)","Mcghee Tyson","TYS","1159122935"
"POINT (55.8840773411837 54.5651323578972)","Ufa Int'l","UFA","1159122947"
"POINT (-60.9499737723461 13.7365238050489)","Hewanorra Int'l","UVF","1159122963"
"POINT (17.4632259028133 -22.4869531202041)","Windhoek Hosea Kutako Int'l","WDH","1159122979"
"POINT (-84.5006089999717 46.4854175101926)","Sault Ste Marie","YAM","1159122997"
"POINT (-120.185595619101 55.7394117074557)","Dawson Cr.","YDQ","1159123009"
"POINT (-113.584492564406 53.3072001619183)","Edmonton Int'l","YEG","1159123027"
"POINT (-63.5149652501673 44.886545450101)","Halifax Int'l","YHZ","1159123039"
"POINT (-120.441734763962 50.7051955184591)","Kamloops","YKA","1159123055"
"POINT (-80.7957747817105 46.6227508204893)","Sudbury","YSB","1159123071"
"POINT (-65.8905573681168 45.3292305955017)","Saint John","YSJ","1159123087"
"POINT (-122.674014743986 53.8842485751138)","Prince George","YXS","1159123103"
"POINT (-123.430624539528 48.640529482179)","Victoria Int'l","YYJ","1159123119"
"POINT (122.062432321637 6.9197577480583)","Zamboanga Int'l","ZAM","1159123129"
"POINT (103.615415363043 36.5078842461237)","Lanzhou Zhongchuan","ZGC","1159123147"
"POINT (-73.8093518843173 42.7456619801729)","Albany Int'l","ALB","1159123169"
"POINT (-87.9021056250744 42.9479198729586)","General Mitchell Int'l","MKE","1159123177"
"POINT (114.24694737615 30.6017141196702)","Wang-Chia Tun Airbase","ZHHH","1159123197"
"POINT (109.40823949108 18.3090959908593)","Sanya Phoenix Int'l","SYX","1159123211"
"POINT (90.9005610194027 29.2936936123184)","Lhasa Gonggar","LXA","1159123223"
"POINT (79.8723005212191 37.0400363509765)","Hotan","HTN","1159123235"
"POINT (13.7649671440047 51.1250912428871)","Dresden","DRS","1159123251"
"POINT (-6.597753628116 34.2986673638223)","Kenitra Air Base","NNA","1159123267"
"POINT (6.26491085364159 46.1957283286261)","Annemasse","QNJ","1159123277"
"POINT (-110.972721301675 31.2255371741159)","Nogales Int'l","NOG","1159123287"
"POINT (7.62784196688924 48.5446961721759)","Strasbourg","SXB","1159123303"
"POINT (7.12235975524539 50.8782596629471)","Cologne/Bonn","CGN","1159123317"
"POINT (128.948801379039 35.1702840636829)","Kimhae Int'l","PUS","1159123337"
"POINT (126.491629401972 33.5247173150399)","Jeju Int'l","CJU","1159123353"
"POINT (5.6298103297218 58.8821564842185)","Stavanger Sola","SVG","1159123367"
"POINT (10.9168095241445 63.472029381717)","Trondheim Vaernes","TRD","1159123387"
"POINT (-57.6636078925543 -19.0141662885534)","Corumbá Int'l","CMG","1159123405"
"POINT (-16.7756374531213 32.6933642847489)","Madeira","FNC","1159123417"
"POINT (-54.4885922735633 -25.5976832162102)","Foz do Iguaçu Int'l","IGU","1159123433"
"POINT (-63.8984625004213 -8.71442482859288)","Gov. Jorge Teixeira de Oliveira Int'l","PVH","1159123449"
"POINT (-2.90609011679805 43.3050829811195)","Bilbao","BIO","1159123469"
"POINT (2.72997660200647 39.5657758586254)","Palma de Mallorca","PMI","1159123487"
"POINT (-16.3463175679264 28.4875770267731)","Tenerife N.","TFN","1159123501"
"POINT (12.2938269092573 57.6857493534879)","Gothenburg","GOT","1159123513"
"POINT (22.1230271243945 65.5490362477616)","Lulea","LLA","1159123529"
"POINT (54.6463293225558 24.4272271529764)","Abu Dhabi Int'l","AUH","1159123541"
"POINT (6.62194665181219 36.2834409441601)","Mohamed Boudiaf Int'l","CZL","1159123557"
"POINT (32.8244372462973 23.9682765441778)","Aswan Int'l","ASW","1159123573"
"POINT (25.8294409760452 66.5595564168509)","Rovaniemi","RVN","1159123589"
"POINT (-58.2541191925889 6.49855290813572)","Cheddi Jagan Int'l","GEO","1159123603"
"POINT (76.3905198502024 10.1551187628118)","Cochin Int'l","COK","1159123615"
"POINT (35.2236930658301 0.40507147546036)","Eldoret Int'l","EDL","1159123629"
"POINT (126.450875980796 37.4492088624346)","Incheon Int'l","ICN","1159123643"
"POINT (-107.469863792896 24.7668040390461)","Federal de Bachigualato Int'l","CUL","1159123657"
"POINT (73.1007936471882 33.6074457507526)","Benazir Bhutto Int'l","ISB","1159123669"
"POINT (4.48464032408272 50.8972949641511)","Brussels","BRU","1159123683"
"POINT (7.27025993974356 9.00437659781094)","Abuja Int'l","ABV","1159123699"
"POINT (-124.107065520139 40.9719245381314)","Arcata-Eureka","ACV","1159123711"
"POINT (-97.6668367646054 30.2021081920749)","Austin-Bergstrom Int'l","AUS","1159123731"
"POINT (30.8025526439415 36.9153233051868)","Antalya","AYT","1159123747"
"POINT (-6.21616943734958 54.6615575470103)","Belfast Int'l","BFS","1159123759"
"POINT (9.6989176939974 45.6654980560695)","Orio Al Serio","BGY","1159123777"
"POINT (116.051087873369 5.92289445474807)","Kota Kinabalu Int'l","BKI","1159123793"
"POINT (77.7095579889575 13.2006108069609)","Bengaluru Int'l","BLR","1159123807"
"POINT (149.190760539671 -35.3071855902909)","Canberra Int'l","CBR","1159123827"
"POINT (-82.8840306426634 39.9981181922432)","Port Columbus Int'l","CMH","1159123845"
"POINT (-7.5814559902572 33.3747274815396)","Mohamed V Int'l","CMN","1159123861"
"POINT (6.76494446612174 51.2781820420774)","Düsseldorf Int'l","DUS","1159123877"
"POINT (32.9930100772014 40.1151278273234)","Esenboğa Int'l","ESB","1159123885"
"POINT (175.336221432708 -37.8658411484827)","Hamilton Int'l","HLZ","1159123897"
"POINT (78.42953613452 17.2359831507471)","Rajiv Gandhi Int'l","HYD","1159123911"
"POINT (-73.7863268609295 40.6459595584081)","John F Kennedy Int'l","JFK","1159123927"
"POINT (30.8951621615528 50.340902338877)","Boryspil Int'l","KBP","1159123937"
"POINT (32.550153296633 15.5922226530858)","Khartoum","KRT","1159123949"
"POINT (-89.3457847894487 43.1363082385868)","Dane Cty. Reg. (Truax Field)","MSN","1159123961"
"POINT (28.0341933346378 53.8893792398005)","Minsk Int'l","MSQ","1159123971"
"POINT (13.1055309888638 38.1863351084895)","Palermo","PMO","1159123985"
"POINT (-71.4357841445789 41.7260019847189)","T.F. Green","PVD","1159123997"
"POINT (-81.7551231409306 26.5279288067651)","Southwest Florida Int'l","RSW","1159124011"
"POINT (123.487974430338 41.6347891339582)","Shenyang Taoxian Int'l","SHE","1159124023"
"POINT (55.5205071948853 25.3211964019068)","Sharjah Int'l","SHJ","1159124037"
"POINT (-121.929428983532 37.3694905908965)","San Jose Int'l","SJC","1159124047"
"POINT (-117.861489220393 33.6794857329549)","John Wayne","SNA","1159124063"
"POINT (9.19395108945536 48.6901051358913)","Stuttgart","STR","1159124071"
"POINT (-84.1386091971594 9.95827851919623)","Nacional Tobías Bolaños","SYQ","1159124093"
"POINT (113.815852751085 22.6465077147868)","Shenzhen Bao'an Int'l","SZX","1159124107"
"POINT (-85.7417027597367 38.1860207152699)","Louisville Int'l","SDF","1159124125"
"POINT (6.10794577423603 46.231009510158)","Geneva","GVA","1159124135"
"POINT (5.07594431813459 45.7210186834669)","Lyon-Saint Exupery","LYS","1159124145"
"POINT (135.244459772476 34.4347941629269)","Kansai Int'l","KIX","1159124163"
"POINT (-9.13069440931071 38.7707623427514)","Lisbon Portela","LIS","1159124181"
"POINT (-43.9635815209949 -19.6327821218747)","Tancredo Neves Int'l","CNF","1159124197"
"POINT (17.9456175406145 59.3555902065112)","Bromma","BMA","1159124213"
"POINT (112.777034594933 -7.383578985276)","Juanda Int'l","SUB","1159124227"
"POINT (-57.5816150932392 -37.9332161204482)","Astor Piazzolla Int'l","MDQ","1159124243"
"POINT (-81.3576706162289 19.2959107437122)","Owen Roberts Int'l","GCM","1159124261"
"POINT (113.841831302845 34.5263027198957)","Zhengzhou Xinzheng Int'l","CGO","1159124277"
"POINT (121.538913780101 38.9615702300222)","Dalian Zhoushuizi Int'l","DLC","1159124289"
"POINT (25.1740558243272 35.3369024101045)","Heraklion Int'l","HER","1159124303"
"POINT (44.9646146141664 41.6694420187261)","Tbilisi Int'l","TBS","1159124315"
"POINT (-9.35458240263928 38.7235353208323)","Cascais","XXC","1159124329"
"POINT (120.345156342151 22.5717061054422)","Kaohsiung Int'l","KHH","1159124343"
"POINT (5.20022616032651 12.9174824166181)","Sadiq Abubakar III","SKO","1159124357"
"POINT (-78.4899925545701 -0.145552408466882)","Mariscal Sucre Int'l","UIO","1159124369"
"POINT (67.1521283592947 24.8985243689595)","Karachi Civil","KHI","1159124383"
"POINT (28.9360487562255 46.9341619900391)","Kishinev S.E.","KIV","1159124397"
"POINT (-77.1075656931342 -12.0237161502221)","Jorge Chávez","LIM","1159124405"
"POINT (-89.3121421238136 48.3718811492508)","Thunder Bay Int'l","YQT","1159124423"
"POINT (25.2807164497285 54.6430549307542)","Vilnius","VNO","1159124435"
"POINT (108.755811342151 34.4429391054422)","Hsien Yang","XIY","1159124447"
"POINT (-100.238394186577 25.859873767729)","Del Norte Int'l","NTR","1159124461"
"POINT (-175.135635 -21.24861)","Fua'amotu Int'l","TBU","1159124471"
"POINT (51.8763916812681 32.7460805344321)","Esfahan Int'l","IFN","1159124485"
"POINT (31.1014 -17.9228)","Harare Int'l","HRE","1159124495"
"POINT (47.9714825593316 29.2396800581583)","Kuwait Int'l","KWI","1159124511"
"POINT (-75.6648933870205 45.3201348196531)","Macdonald-Cartier Int'l","YOW","1159124527"
"POINT (69.2100736270874 34.5633978864149)","Kabul Int'l","KBL","1159124533"
"POINT (-3.93221929167636 5.2543984451492)","Abidjan Port Bouet","ABJ","1159124545"
"POINT (-99.7545085619681 16.76196735278)","General Juan N Alvarez Int'l","ACA","1159124559"
"POINT (-0.171402855660817 5.60698152381193)","Kotoka Int'l","ACC","1159124577"
"POINT (38.7931904366343 8.98173027581099)","Bole Int'l","ADD","1159124593"
"POINT (45.030602 12.8278)","Aden Int'l","ADE","1159124609"
"POINT (138.532101457699 -34.9405860275154)","Adelaide Int'l","ADL","1159124621"
"POINT (77.0120458771175 43.3464943144793)","Almaty Int'l","ALA","1159124639"
"POINT (3.21207353516506 36.6997206663535)","Houari Boumediene","ALG","1159124651"
"POINT (37.2273414057828 36.1846237314314)","Aleppo Int'l","ALP","1159124663"
"POINT (72.6209000884332 23.0707454635881)","Sardar Vallabhbhai Patel Int'l","AMD","1159124675"
"POINT (-70.4409908509407 -23.4489545248317)","Cerro Moreno Int'l","ANF","1159124691"
"POINT (58.3639659208246 37.984853438957)","Ashkhabad Northwest","ASB","1159124703"
"POINT (38.9063540136321 15.2936159696499)","Yohannes Iv Int'l","ASM","1159124717"
"POINT (-57.5139078247136 -25.2416592533816)","Silvio Pettirossi Int'l","ASU","1159124737"
"POINT (-64.7027740686514 32.3591739601581)","Bermuda Int'l","BDA","1159124747"
"POINT (20.2912845946621 44.8190766654433)","Surcin","BEG","1159124759"
"POINT (35.4930853618161 33.8254400618668)","Beirut Int'l","BEY","1159124775"
"POINT (77.3408714713579 23.2855684869809)","Bairagarh","BHO","1159124789"
"POINT (-7.94727226970801 12.5393363425867)","Bamako Sénou","BKO","1159124801"
"POINT (-86.6692867356375 36.1314876361697)","Nashville Int'l","BNA","1159124815"
"POINT (153.120256418844 -27.3853965939099)","Brisbane Int'l","BNE","1159124827"
"POINT (-116.221841070549 43.5689592234704)","Boise Air Terminal","BOI","1159124845"
"POINT (-156.771835 71.289299)","Wiley Post Will Rogers Mem.","BRW","1159124857"
"POINT (-78.7319965523308 42.9340337493526)","Greater Buffalo Int'l","BUF","1159124867"
"POINT (28.622552042904 -20.0155684094908)","Bulawayo","BUQ","1159124879"
"POINT (114.933119029209 4.94547528227685)","Brunei Int'l","BWN","1159124891"
"POINT (113.297516552171 23.3891511573243)","Guangzhou Baiyun Int'l","CAN","1159124905"
"POINT (-73.0621061746214 -36.7763727437881)","Carriel Sur Int'l","CCP","1159124919"
"POINT (88.4400010130197 22.6453893785064)","Netaji Subhash Chandra Bose Int'l","CCU","1159124929"
"POINT (91.8147107162383 22.2455658585738)","Chittagong","CGP","1159124941"
"POINT (172.538675565223 -43.4885486784104)","Christchurch Int'l","CHC","1159124957"
"POINT (-13.6210656251671 9.57418115850082)","Conakry","CKY","1159124971"
"POINT (-81.8384406064046 41.4111916124966)","Hopkins Int'l","CLE","1159124983"
"POINT (-76.3850714728091 3.54328635123219)","Alfonso Bonilla Aragón Int'l","CLO","1159124999"
"POINT (2.3838000724352 6.3582465034691)","Cotonou Cadjehon","COO","1159125011"
"POINT (-64.2123157670801 -31.3156811684889)","Ingeniero Ambrosio L.V. Taravella Int'l","COR","1159125023"
"POINT (-75.5123349559682 10.4449381764915)","Rafael Nunez","CTG","1159125033"
"POINT (-86.8744172506694 21.04019667144)","Cancún","CUN","1159125049"
"POINT (-105.969204692629 28.7039984997679)","General R F Villalobos Int'l","CUU","1159125065"
"POINT (90.4049241599237 23.8481243218127)","Zia Int'l Dhaka","DAC","1159125077"
"POINT (130.877501436774 -12.4080559966556)","Darwin Int'l","DRW","1159125091"
"POINT (30.9457081940881 -29.965914250828)","Louis Botha","DUR","1159125101"
"POINT (27.5292 -11.5908)","Lubumbashi Luano Int'l","FBM","1159125113"
"POINT (-4.98214637678303 33.9305251844673)","Saiss","FEZ","1159125125"
"POINT (15.4465162074561 -4.38916882197582)","Kinshasa N Djili Int'l","FIH","1159125139"
"POINT (-13.2002296786483 8.61542361726369)","Freetown Lungi","FNA","1159125153"
"POINT (125.675321571201 39.2001771667656)","Sunan","FNJ","1159125167"
"POINT (74.468800339909 43.0554527233303)","Vasilyevka","FRU","1159125179"
"POINT (25.9243808264147 -24.5580718089441)","Sir Seretse Khama Int'l","GBE","1159125191"
"POINT (-103.300766222752 20.5246863485173)","Don Miguel Hidalgo Int'l","GDL","1159125205"
"POINT (-4.43167796995107 55.8641828570355)","Glasgow Int'l","GLA","1159125213"
"POINT (-90.530181111378 14.5881608290051)","La Aurora","GUA","1159125223"
"POINT (-79.887009643933 -2.15833790699136)","Simon Bolivar Int'l","GYE","1159125231"
"POINT (105.803759436806 21.2145596707245)","Noi Bai","HAN","1159125235"
"POINT (-82.4074206289499 22.9973533364428)","José Martí Int'l","HAV","1159125245"
"POINT (29.69266601523 30.9183712786239)","Borg El Arab Int'l","HBE","1159125249"
"POINT (39.1504996780448 21.6706857878128)","King Abdul Aziz Int'l","JED","1159125253"
"POINT (8.52213718395767 12.0457071601746)","Kano Mallam Aminu Int'l","KAN","1159125263"
"POINT (76.0130148060075 39.5379686306258)","Kashi","KHG","1159125271"
"POINT (-76.7786897616576 17.9375751552752)","Norman Manley Int'l","KIN","1159125285"
"POINT (85.357139531668 27.7002816751609)","Tribhuvan Int'l","KTM","1159125303"
"POINT (13.2347957502699 -8.84831327917379)","Luanda 4 de Fevereiro","LAD","1159125315"
"POINT (30.3070976454648 59.8054061601897)","Pulkovo 2","LED","1159125331"
"POINT (74.4108810181748 31.5206296518206)","Allama Iqbal Int'l","LHE","1159125343"
"POINT (33.7827885019788 -13.788622823746)","Kamuzu Int'l","LLW","1159125359"
"POINT (3.32112435281334 6.57825944540467)","Lagos Murtala Muhammed","LOS","1159125373"
"POINT (-68.1780055277945 -16.5098792213977)","El Alto Int'l","LPB","1159125385"
"POINT (28.4455443211019 -15.3268522509447)","Lusaka Int'l","LUN","1159125403"
"POINT (32.7032970848623 25.6730347786023)","Luxor","LXR","1159125413"
"POINT (80.1637759731545 12.9825301669154)","Chennai Int'l","MAA","1159125429"
"POINT (-71.7237688094687 10.5557594684972)","La Chinita Int'l","MAR","1159125441"
"POINT (-75.4269557399772 6.171001614358)","José María Córdova","MDE","1159125455"
"POINT (-89.9816280353237 35.0444101240089)","Memphis Int'l","MEM","1159125467"
"POINT (-86.1712846229543 12.144635873435)","Augusto Cesar Sandino Int'l","MGA","1159125481"
"POINT (59.6421943574029 36.2275503134984)","Mashhad","MHD","1159125495"
"POINT (-80.2789718277441 25.7949407212406)","Miami Int'l","MIA","1159125509"
"POINT (-89.6630235736434 20.9338603864296)","Lic M Crecencio Rejon Int'l","MID","1159125521"
"POINT (14.4952644555055 35.8489307943501)","Luqa","MLA","1159125535"
"POINT (39.6026631870383 -4.03265262579657)","Moi Int'l","MBA","1159125545"
"POINT (27.5592160333614 -29.4555740046101)","Moshoeshoe I Int'l","MSU","1159125565"
"POINT (-90.2566939480594 29.9851141460622)","New Orleans Int'l","MSY","1159125575"
"POINT (71.418995432932 30.1950780904965)","Multan","MUX","1159125587"
"POINT (-56.026636146282 -34.8410485988569)","Carrasco Int'l","MVD","1159125601"
"POINT (-106.270016617885 23.1665960971344)","General Rafael Buelna Int'l","MZT","1159125613"
"POINT (-77.4648472290944 25.0486910600866)","Nassau Int'l","NAS","1159125627"
"POINT (15.0330446385559 12.1295400184115)","Ndjamena","NDJ","1159125641"
"POINT (2.17730671184125 13.4767572807942)","Niamey","NIM","1159125655"
"POINT (123.979134508664 10.3158756727292)","Mactan-Cebu Int'l","CEB","1159125667"
"POINT (15.7497618459595 -12.8025414575915)","Nova Lisboa","NOV","1159125681"
"POINT (-95.8994157953121 41.2997111453012)","Eppley Airfield","OMA","1159125695"
"POINT (-165.441641712281 64.5072207026631)","Nome","OME","1159125707"
"POINT (-1.51380536165113 12.3535800260473)","Ouagadougou","OUA","1159125715"
"POINT (-72.2944780260473 18.5756829054286)","Mais Gate Int'l","PAP","1159125727"
"POINT (-98.375759790423 19.163793546584)","Puebla","PBC","1159125745"
"POINT (-122.592738881254 45.5889569315305)","Portland Int'l","PDX","1159125755"
"POINT (115.974224942233 -31.9411297945783)","Perth Int'l","PER","1159125765"
"POINT (25.6117777567602 -33.9840877431374)","H F Verwoerd","PLZ","1159125779"
"POINT (-73.0983841336424 -41.4333820702269)","El Tepual Int'l","PMC","1159125791"
"POINT (104.845027612457 11.5526449176513)","Pochentong","PNH","1159125805"
"POINT (73.9089838110016 18.5791766115328)","Pune","PNQ","1159125819"
"POINT (147.211250855977 -9.43865269316142)","Port Moresby Int'l","POM","1159125833"
"POINT (-79.3871348215438 9.06687242265839)","Tocumen Int'l","PTY","1159125843"
"POINT (-70.8431237851324 -53.0050698255177)","Carlos Ibáñez de Campo Int'l","PUQ","1159125857"
"POINT (-78.7913814006751 35.8752323452255)","Durham Int'l","RDU","1159125871"
"POINT (96.1341946114947 16.9011542818251)","Mingaladon","RGN","1159125883"
"POINT (23.9793791116995 56.9220038786097)","Riga","RIX","1159125897"
"POINT (44.2246467902561 15.4739027755737)","Sanaa Int'l","SAH","1159125911"
"POINT (44.2289125352942 33.268162986377)","Baghdad Int'l","SDA","1159125925"
"POINT (-69.6764726754667 18.4302196948173)","De Las Américas Int'l","SDQ","1159125937"
"POINT (106.664246141375 10.8163005571879)","Tan Son Nhat","SGN","1159125951"
"POINT (22.9764353610613 40.5238736887775)","Thessaloniki","SKG","1159125965"
"POINT (23.4024521357708 42.6891841273195)","Vrazhdebna","SOF","1159125981"
"POINT (72.7424384372589 21.1204503297172)","Surat","STV","1159125995"
"POINT (178.560048369959 -18.0458996922854)","Nausori Int'l","SUV","1159126005"
"POINT (52.5897712745211 29.5458013842874)","Shiraz Int'l","SYZ","1159126021"
"POINT (-97.8698137568394 22.2893319525064)","Gen Francisco J Mina Int'l","TAM","1159126033"
"POINT (-87.2192116348986 14.0599852192071)","Toncontin Int'l","TGU","1159126049"
"POINT (51.3208069717572 35.6913743304946)","Mehrabad Int'l","THR","1159126059"
"POINT (19.7150324049722 41.4208514680567)","Tirane Rinas","TIA","1159126075"
"POINT (-116.975476095598 32.5460499135013)","General Abelardo L Rodriguez Int'l","TIJ","1159126093"
"POINT (-99.5706494463542 19.3386880423032)","Jose Maria Morelos Y Pavon","TLC","1159126107"
"POINT (24.798964869983 59.4165014697451)","Ulemiste","TLL","1159126123"
"POINT (34.8708499180995 32.0007468501844)","Ben Gurion","TLV","1159126131"
"POINT (6.71282193005667 0.374744213699427)","São Tomé Salazar","TMS","1159126141"
"POINT (47.4753540009579 -18.7993348763082)","Antananarivo Ivato","TNR","1159126153"
"POINT (-82.534824252055 27.9800400852184)","Tampa Int'l","TPA","1159126167"
"POINT (-67.9223617121873 10.1540056883979)","Zim Valencia","VLN","1159126181"
"POINT (44.354767968489 48.7916764657611)","Gumrak","VOG","1159126195"
"POINT (102.568238195728 17.9754595948321)","Vientiane","VTE","1159126207"
"POINT (-63.1403888218213 -17.6479468257839)","Viru Viru Int'l","VVI","1159126221"
"POINT (174.811665268238 -41.3289891844659)","Wellington Int'l","WLG","1159126235"
"POINT (-130.445587 54.292)","Prince Rupert","YPR","1159126249"
"POINT (-82.9600877389448 42.2658784727198)","Windsor","YQG","1159126261"
"POINT (-104.655433975371 50.4332192867183)","Regina","YQR","1159126275"
"POINT (-123.180867003812 49.1935590395715)","Vancouver Int'l","YVR","1159126287"
"POINT (-97.2267694809585 49.9033302471671)","Winnipeg Int'l","YWG","1159126307"
"POINT (-106.690181967554 52.1701439447381)","John G Diefenbaker Int'l","YXE","1159126319"
"POINT (-135.076210089402 60.7141521481397)","Whitehorse Int'l","YXY","1159126329"
"POINT (-114.010560500236 51.1308572567549)","Calgary Int'l","YYC","1159126341"
"POINT (-63.1312341333234 46.2858131367525)","Charlottetown","YYG","1159126361"
"POINT (-94.0813639506318 58.7497237849788)","Churchill","YYQ","1159126367"
"POINT (-52.7433337428638 47.6131179007955)","St John's Int'l","YYT","1159126381"
"POINT (-114.437846335049 62.4707373610202)","Yellowknife","YZF","1159126395"
"POINT (16.0615138009014 45.7333266730984)","Zagreb","ZAG","1159126409"
"POINT (39.2223319841558 -6.21857034620282)","Zanzibar","ZNZ","1159126417"
"POINT (-21.9466344031327 64.1318728609901)","Reykjavik Air Terminal","REK","1159126431"
"POINT (40.7133465694594 64.5967437730455)","Arkhangelsk-Talagi","ARH","1159126445"
"POINT (49.2984458036407 55.6080601429764)","Kazan Int'l","KZN","1159126457"
"POINT (2.36737912783773 48.7313030458052)","Paris Orly","ORY","1159126471"
"POINT (-71.3839280711731 46.7915684363308)","Québec","YQB","1159126485"
"POINT (-73.7493162650417 45.4583512294531)","Montréal-Trudeau","YUL","1159126499"
"POINT (140.384401709179 35.7640560727828)","Narita Int'l","NRT","1159126505"
"POINT (136.814771286824 34.8590296958162)","Chubu Centrair Int'l","NGO","1159126523"
"POINT (141.382100450075 43.1106495990978)","Okadama","OKD","1159126537"
"POINT (5.22725311562336 60.2890610502966)","Bergen Flesland","BGO","1159126547"
"POINT (18.9072624292132 69.6796790473478)","Tromsø Langnes","TOS","1159126559"
"POINT (-48.4795602893793 -1.38974628795546)","Val de Caes Int'l","BEL","1159126571"
"POINT (-54.6689498781305 -20.4572717360311)","Campo Grande Int'l","CGR","1159126581"
"POINT (-49.1737093663469 -25.5360001430558)","Afonso Pena Int'l","CWB","1159126593"
"POINT (-38.5407472498334 -3.77859496233091)","Pinto Martins Int'l","FOR","1159126603"
"POINT (-46.481753608842 -23.4261155770421)","São Paulo-Guarulhos Int'l","GRU","1159126615"
"POINT (-49.2266464905994 -16.6323665721637)","Santa Genoveva","GYN","1159126627"
"POINT (-51.1770409488172 -29.9901930170609)","Salgado Filho Int'l","POA","1159126637"
"POINT (-34.9182667174851 -8.13162553076239)","Gilberto Freyre Int'l","REC","1159126651"
"POINT (-38.3347989911732 -12.9143614970326)","Deputado Luis Eduardo Magalhaes Int'l","SSA","1159126665"
"POINT (-68.7984838394473 -32.8278001692719)","El Plumerillo","MDZ","1159126679"
"POINT (-60.0460645898854 -3.0321390062591)","Eduardo Gomes Int'l","MAO","1159126691"
"POINT (11.5479941396807 3.71484520708126)","Yaoundé Nsimalen Int'l","NSI","1159126705"
"POINT (121.801518760578 31.1523090295533)","Shanghai Pudong Int'l","PVG","1159126719"
"POINT (35.9841052362449 31.9741994015442)","Marka Int'l","ADJ","1159126733"
"POINT (73.5273902836844 4.18870090323372)","Male Int'l","MLE","1159126745"
"POINT (-96.1835702143695 19.1424237025017)","Gen. Heriberto Jara Int'l","VER","1159126759"
"POINT (-15.651185561666 11.8889231454855)","Osvaldo Vieira Int'l","OXB","1159126773"
"POINT (125.645066609434 7.13053746163073)","Francisco Bangoy Int'l","DVO","1159126787"
"POINT (55.5115519246793 -4.67106914178521)","Seychelles Int'l","SEZ","1159126799"
"POINT (-17.490407907719 14.7456306146748)","Léopold Sedar Senghor Int'l","DKR","1159126813"
"POINT (37.2387475981025 19.4341052385231)","Port Sudan New Int'l","PZU","1159126827"
"POINT (69.2666137241129 41.2622338767383)","Tashkent Int'l","TAS","1159126841"
"POINT (12.6493508684508 55.6285017221528)","Copenhagen","CPH","1159126853"
"POINT (26.0857251587764 44.497041455972)","Aeroportul National Bucuresti-Baneasa","BBU","1159126867"
"POINT (19.2622301677881 47.433274269248)","Ferihegy","BUD","1159126881"
"POINT (106.638019704811 29.7240422241688)","Chongqing Jiangbei Int'l","CKG","1159126895"
"POINT (-80.9439277342763 35.2204281685597)","Douglas Int'l","CLT","1159126907"
"POINT (-83.3478935065615 42.2257204508004)","Detroit Metro","DTW","1159126921"
"POINT (-6.24388491037139 53.42700828497)","Dublin","DUB","1159126945"
"POINT (-147.865721120795 64.8180981117369)","Fairbanks Int'l","FAI","1159126959"
"POINT (10.005647830925 53.6320011640866)","Hamburg","HAM","1159126973"
"POINT (101.713886325743 2.74751295791811)","Kuala Lumpur Int'l","KUL","1159126985"
"POINT (-115.151323951283 36.0849602383367)","Mccarran Int'l","LAS","1159126995"
"POINT (-81.3073713307985 28.4311506791138)","Orlando Int'l","MCO","1159127009"
"POINT (-93.2081003718301 44.8820263631968)","Minneapolis St. Paul Int'l","MSP","1159127027"
"POINT (11.7880627192437 48.3538373961608)","Franz-Josef-Strauss","MUC","1159127035"
"POINT (-75.2429857676998 39.876087236427)","Philadelphia Int'l","PHL","1159127049"
"POINT (-112.01363529773 33.4358607639498)","Sky Harbor Int'l","PHX","1159127063"
"POINT (-111.981984879993 40.7867290053708)","Salt Lake City Int'l","SLC","1159127079"
"POINT (-90.3659545350675 38.7427163155204)","Lambert St Louis Int'l","STL","1159127093"
"POINT (20.9727263383587 52.171026749259)","Okecie Int'l","WAW","1159127105"
"POINT (8.56221279534765 47.4523895064915)","Zurich Int'l","ZRH","1159127117"
"POINT (4.4543736298165 50.4571296549567)","Gosselies","CRL","1159127129"
"POINT (11.7694828593654 48.3497964078377)","Munich Freight Terminal","MUCf","1159127147"
"POINT (2.07800334981292 41.3031552797463)","Barcelona","BCN","1159127159"
"POINT (14.2674849854076 50.1076511703671)","Ruzyn","PRG","1159127171"
"POINT (113.935016387376 22.3153328280868)","Hong Kong Int'l","HKG","1159127187"
"POINT (121.231370453323 25.0767411043346)","Taoyuan","TPE","1159127201"
"POINT (4.76437693232812 52.3089323889822)","Schiphol","AMS","1159127211"
"POINT (103.986413880993 1.35616083528126)","Singapore Changi","SIN","1159127223"
"POINT (-0.453156652063309 51.4709958799938)","London Heathrow","LHR","1159127237"
"POINT (174.791719433715 -37.0063551142815)","Auckland Int'l","AKL","1159127251"
"POINT (-149.981725100633 61.1728936745367)","Anchorage Int'l","ANC","1159127263"
"POINT (-84.4253974336047 33.6405290807352)","Hartsfield-Jackson Atlanta Int'l","ATL","1159127283"
"POINT (116.588174004661 40.078766336331)","Beijing Capital","PEK","1159127293"
"POINT (-74.1433718001028 4.69883276192097)","Eldorado Int'l","BOG","1159127303"
"POINT (72.8745639500051 19.0951019488402)","Chhatrapati Shivaji Int'l","BOM","1159127317"
"POINT (-71.0164066172958 42.3665658198506)","Gen E L Logan Int'l","BOS","1159127331"
"POINT (-76.6686428352448 39.1793943583568)","Baltimore-Washington Int'l Thurgood Marshall","BWI","1159127345"
"POINT (31.3997430067114 30.1119904385575)","Cairo Int'l","CAI","1159127357"
"POINT (-7.66321880771143 33.5627883851079)","Casablanca-Anfa","CAS","1159127367"
"POINT (-67.0057488076316 10.5973549146064)","Simón Bolivar Int'l","CCS","1159127381"
"POINT (18.5976565083138 -33.9704466120395)","Cape Town Int'l","CPT","1159127391"
"POINT (103.956136481695 30.5810712647464)","Chengdushuang Liu","CTU","1159127407"
"POINT (77.0878362565332 28.5592039760586)","Indira Gandhi Int'l","DEL","1159127419"
"POINT (-104.673797338542 39.8494613881509)","Denver Int'l","DEN","1159127425"
"POINT (-97.0403710741144 32.9001505594816)","Dallas-Ft. Worth Int'l","DFW","1159127437"
"POINT (100.602578626505 13.9202766010347)","Don Muang Int'l","DMK","1159127447"
"POINT (55.3540769172243 25.2525655938182)","Dubai Int'l","DXB","1159127459"
"POINT (-74.1771472796706 40.6904798278929)","Newark Int'l","EWR","1159127471"
"POINT (-58.5412456939382 -34.8136469380323)","Ministro Pistarini Int'l","EZE","1159127481"
"POINT (-80.1452588465189 26.0717095746827)","Fort Lauderdale Hollywood Int'l","FLL","1159127493"
"POINT (-95.3337047912947 29.9865909034907)","George Bush Intercontinental","IAH","1159127507"
"POINT (28.8195493087893 40.9778388177797)","Atatürk Hava Limani","IST","1159127517"
"POINT (28.2319885648741 -26.1320953994887)","OR Tambo Int'l","JNB","1159127529"
"POINT (-134.583573037872 58.3589441045951)","Juneau Int'l","JNU","1159127539"
"POINT (-118.402468548522 33.9441742543586)","Los Angeles Int'l","LAX","1159127551"
"POINT (9.27996629691061 45.4603938456252)","Linate","LIN","1159127561"
"POINT (144.848998091131 -37.6699411967893)","Melbourne Int'l","MEL","1159127571"
"POINT (-99.0826079514239 19.4354695720494)","Lic Benito Juarez Int'l","MEX","1159127585"
"POINT (121.004122083437 14.5068323762967)","Ninoy Aquino Int'l","MNL","1159127591"
"POINT (36.9250887490365 -1.33052964350634)","Jomo Kenyatta Int'l","NBO","1159127605"
"POINT (-157.919783173755 21.332022315024)","Honolulu Int'l","HNL","1159127617"
"POINT (-87.90513439065 41.9765291023803)","Chicago O'Hare Int'l","ORD","1159127621"
"POINT (46.701829023464 24.9590317436512)","King Khalid Int'l","RUH","1159127633"
"POINT (-70.7936860162974 -33.3968336342597)","Arturo Merino Benitez Int'l","SCL","1159127643"
"POINT (-122.302289722924 47.4435819127259)","Seattle-Tacoma Int'l","SEA","1159127655"
"POINT (-122.383470344449 37.6170250868053)","San Francisco Int'l","SFO","1159127665"
"POINT (121.341183788567 31.1872574314078)","Hongqiao","SHA","1159127677"
"POINT (37.4159690348414 55.966447172512)","Sheremtyevo","SVO","1159127689"
"POINT (-79.6114193247449 43.6809595186356)","Toronto-Pearson Int'l","YYZ","1159127701"
"POINT (151.166067305601 -33.9365832057717)","Kingsford Smith","SYD","1159127713"
"POINT (24.9682078665914 60.3187158912982)","Helsinki Vantaa","HEL","1159127725"
"POINT (2.54186776739457 49.0144200969386)","Charles de Gaulle Int'l","CDG","1159127735"
"POINT (13.2903090925074 52.5544287044101)","Berlin-Tegel Int'l","TXL","1159127747"
"POINT (16.5607679642129 48.1197563052538)","Vienna Schwechat Int'l","VIE","1159127759"
"POINT (8.57182286907608 50.0506770895207)","Frankfurt Int'l","FRA","1159127769"
"POINT (12.2501008973638 41.7950786307394)","Leonardo da Vinci Int'l","FCO","1159127781"
"POINT (135.442475256249 34.7901980848749)","Osaka Int'l","ITM","1159127787"
"POINT (126.802392860276 37.5573005399508)","Gimpo Int'l","GMP","1159127799"
"POINT (11.0991032762581 60.1935783171386)","Oslo Gardermoen","OSL","1159127809"
"POINT (-47.9207885133625 -15.8699985002824)","Juscelino Kubitschek Int'l","BSB","1159127817"
"POINT (-46.6591155302196 -23.62685882701)","Congonhas Int'l","CGH","1159127827"
"POINT (-43.2483813790683 -22.8123437125006)","Rio de Janeiro-Antonio Carlos Jobim Int'l","GIG","1159127839"
"POINT (-3.56902665458863 40.4681282733923)","Madrid Barajas","MAD","1159127851"
"POINT (-66.0042299757548 18.4380770734949)","Luis Muñoz Marin","SJU","1159127861"
"POINT (17.9307299016916 59.6511203397372)","Arlanda","ARN","1159127877"
"POINT (106.654296151172 -6.1266029559729)","Soekarno-Hatta Int'l","CGK","1159127891"
"POINT (23.9471160554073 37.9362331299254)","Eleftherios Venizelos Int'l","ATH","1159127903"
"POINT (139.784046429629 35.5490608319464)","Tokyo Int'l","HND","1729942773"
"POINT (100.750910201106 13.6926116770226)","Suvarnabhumi Airport","BKK","1729942775"
